Title,Text,Score,ID,Subreddit,URL,Num_Comments,Created
Apple Vision Pro,,14583,1ai9a0g,HolUp,https://v.redd.it/qcm7jqspeggc1,964,1707002528.0
Apple Vision Pro honest review,,13958,1ajb97q,HolUp,https://v.redd.it/sume1xqj2qgc1,189,1707119533.0
Blown Away by The Apple Vision Pro,"I‚Äôve had the Quest 3 for about 6 months. I picked up an Apple Vision Pro 10 days ago with the idea of trying it but then returning it in 14 days. My main use is for media and social media consumption.

Comparing it to the Quest 3 quality wise, I see the quest 3 as version 1 and AVP as version 5. It is that much better. The movie and tv series experience is better than movie theatre quality. Since I‚Äôve been using the AVP I no longer want to use my top of the line OLED and soundbar system.

Now I‚Äôm debating keeping it. The cost of a really good tv and soundbar is about $3500+. Same price and better experience plus you can do lots of other things with it.

Apple knocked this one out of the park.

Edit: I shamefully forgot to mention sports watching. Another next level experience. ",229,1b6fbn1,AppleVisionPro,https://www.reddit.com/r/AppleVisionPro/comments/1b6fbn1/blown_away_by_the_apple_vision_pro/,138,1709570010.0
The Simpsons predicted the Apple Vision Pro. ,,30028,1ajaf60,BeAmazed,https://v.redd.it/nuv3mt3qspgc1,787,1707116134.0
"Apple slashes Vision Pro production, cancels 2025 model in response to plummeting demand",,16003,1cc26z3,gadgets,https://www.techspot.com/news/102727-apple-have-slashed-vision-pro-production-canceled-next.html,2487,1713975136.0
"Apple Vision Pro U.S. Sales Are All But Dead, Market Analysts Say - Less Than 100k Units Shipped",,15355,1e0t88e,technology,https://gizmodo.com/apple-vision-pro-u-s-sales-2000469302,2342,1720715584.0
Apple Reportedly Suspends Work on Vision Pro 2,,2213,1dittcu,apple,https://www.macrumors.com/2024/06/18/apple-suspends-work-on-vision-pro-2/,681,1718725446.0
Over 60 Days with Apple Vision Pro - Reflections and Experience - No more hate,"I've been using headsets for over 7 years now. I've practically tried out every Virtual Reality headset out there (except for some professional ones): HDK OSVR 1.4, PIMAX 4K, PIMAX 8k, PIMAX 8KX, PIMAX 5K Super, PIMAX Crystal, Oculus Rift, HTC Vive, Vive Pro, Vive Cosmos, Vive Pro 2, Vive XR Elite, Valve Index, Rift S, Quest 1, Quest 2, Quest Pro, Magic Leap, nReal, DPVR E4, and currently Quest 3 and Apple Vision Pro.

I don't think I could even count the hundreds of hours I've spent using all this technology. I'm involved in XR outreach, and well, I've had quite a privileged position in all of this. Additionally, many of you might know me as a member of Infinity One and as one of the creators of Air Cover.

For me, the Apple Vision Pro is the most impressive Extended Reality headset I've ever tested, both in terms of technology and user experience. It hasn't revolutionized anything, but it has stirred up the market with a different vision than we've had in recent years.

The Apple Vision Pro has the best screens I've seen, the best sound, the best passthrough, the best gesture recognition, and the best interface I've encountered in a device of this kind. It's intuitive, easy to handle, although there are times when I'd like to smash it against the ground when the eye tracking doesn't work as it should. Then I remember its cost, and that thought slips away.

When Tim presented it, I saw it clearly: they provide the Hardware, and it's the ""obligation"" of developers to create content to make this gadget usable. And I think this is the main problem many people are having: usability.

Apple marketed it as a space computing system where you can work with spatial multitasking windows and connect it to our Macs (or PC with moonlight, Immersed, etc), as well as a device to view flat and immersive multimedia content. Unfortunately, the media hype surrounding it led many people to be interested in it, especially because they were goofing around in their TikTok and YouTube videos.

[Air Cover + Nylon Strap + Monster Mod BOBOVR üòÇ](https://preview.redd.it/4tv8v1s0hzzc1.png?width=1280&format=png&auto=webp&s=1ee16c2a43d84a847ea2a925642ae340192b1fe8)

Luckily, I'm a restless person and I give a lot of usability to the Apple Vision Pro, not only to start designing contraptions to improve ergonomics like this one I'm showing you with a sliding system to place the battery on the back using part of a BOBOVR Strap from the Quest 2 (It was just an experiment, and I had to withdraw it because of the excessive weight it entailed using it like that.), but also for what I'm about to tell you:

* It allows me to use my virtual PC screen (moonlight) to work with it.
* I have multitasking systems with Telegram, Discord, Mail while the main focus is on the Moonlight screen.
* It allows me to connect to SteamVR (PC) via ALVR. Yesterday, I spent about 4 hours in VRChat with the Apple Vision Pro and without controllers (using hand tracking to move).
* It allows me to watch multimedia content alone or with company.
* It allows me to meet with part of the Apple Vision Pro community with Spatial Persona and chat with them.
* It allows me to show my designs to friends or family via Facetime.
* It allows me to browse these forums and stay up-to-date on news of all kinds.
* It allows me to control all 3D printers with their iPad applications.
* It allows me to play Arcade games by connecting the PS5 controller.
* It allows me to watch spatial videos of my son or my pets (I have an iPhone 15 Pro).
* It allows me to write scripts (I have a foldable Bluetooth keyboard) with a touchpad, and by activating Assistive Touch, I can use it as a mouse.

In short, it allows me to use it for everything I want and more. Still, the product is not perfect:

* The weight distribution is terrible. Apple needs to work a lot on this. We designed the Air Cover and the Nylon Strap to achieve the most bearable balance possible.
* It doesn't have virtual controllers, which would have been great for immersive gaming (although I have a feeling Apple doesn't want this type of content).
* We lack more specific content for a particular use, taking advantage of the benefits of Mixed Reality or Spatial Computing. The famous ""killer app"".
* Its price is a significant barrier for consumers, but not for developers or businesses that truly want to harness the potential of this device. The average person will only be able to buy it if they have that money and will truly make use of it.

We are at the birth of this device, a product that due to its high price and the amount of integrated technology is more than evident that it is a development product, so that all developers can use it and create unique experiences. Still, it's a product that can reach consumers, for people who can really afford it and want to use it, but without a doubt, it's a great product.

I understand the frustration of many people who have spent more than $3500 and end up returning it or leaving it in a drawer because they don't know how to use it, but personally, I am very happy with the purchase and extremely proud to own Apple Vision Pro.

What must be clear is that if you're one of those people who enjoys using Apple Vision Pro, keep doing so. Don't let yourself feel down if you go to any place and are bombarded with negative information. Generally, dissatisfied people complain, while those who enjoy something don't go to a forum to talk about it üòâ

PD: Apologies if my English isn't very good; I hope everything is understood well üòÖ",133,1cq670r,VisionPro,https://www.reddit.com/r/VisionPro/comments/1cq670r/over_60_days_with_apple_vision_pro_reflections/,51,1715514965.0
Apple Vision Pro,"Get the warranty, if it‚Äôs an apple quality product you‚Äôll need it.",72166,142qj4s,memes,https://i.redd.it/c7eo1b1d7g4b1.jpg,1771,1686079281.0
Guy using Apple Vision Pro on NYC subway.,,24013,1aiagvp,interestingasfuck,https://v.redd.it/omvemzbkoggc1,3736,1707005780.0
Apple Vision Pro prices,"256GB: US$3499
512GB: US$3699
1TB: US$3899

AppleCare+ Costa US$499",1822,19ailje,apple,https://www.apple.com/shop/buy-vision/apple-vision-pro,1239,1705669360.0
Apple Vision Pro,,3349,1ak9aye,BrandNewSentence,https://i.redd.it/a0y5ksswvxgc1.jpeg,210,1707224751.0
A software engineer wore an Apple Vision Pro to his wedding,,29448,1b37gjb,facepalm,https://i.redd.it/yorijh2hiklc1.jpeg,1903,1709231391.0
New Apple Vision Pro review,,10922,1aji8cn,shitposting,https://v.redd.it/uvr1f2t05sgc1,150,1707144504.0
Apple Vision Pro in the Future,,3133,1av74av,Damnthatsinteresting,https://v.redd.it/keikkzsbonjc1,422,1708398180.0
Zuck on the Apple Vision Pro,,1971,1aqaudj,apple,https://twitter.com/pitdesi/status/1757552017042743728,1008,1707874639.0
"This is Apple Vision Pro, the mixed reality headset",,17127,141nglc,apple,https://9to5mac.com/2023/06/05/apple-vision-pro/,9172,1685989435.0
Apple Vision Pro Unboxing!,,1601,1aep5fe,apple,https://www.youtube.com/watch?v=SaneSRqePVY,438,1706623433.0
Software engineer wore an Apple Vision Pro to his wedding,,8325,1b2zxrd,pics,https://www.reddit.com/gallery/1b2zxrd,617,1709212154.0
the thing no one will say about Apple Vision Pro,,4280,1ai5xfo,apple,https://youtu.be/UvkgmyfMPks?si=2ZEIHsXFLI2XFo9C,1371,1706993616.0
Using Apple Vision Pro: What It‚Äôs Actually Like!,,3264,1afjm5d,apple,https://youtu.be/dtp6b76pMak?si=VSGTMVtMu37-qdYb,1123,1706712774.0
"Apple Vision Pro review: magic, until it‚Äôs not",,2739,1aep8r6,apple,https://www.theverge.com/24054862/apple-vision-pro-review-vr-ar-headset-features-price,1343,1706623688.0
Apple Vision Pro Impressions! - MKBHD,,2280,1426ix4,apple,https://youtu.be/OFvXuyITwBI,1386,1686033604.0
Runescape on the Apple Vision Pro,,2149,1ahp1ip,2007scape,https://v.redd.it/4ixvtup07bgc1,317,1706939447.0
Apple Vision Pro available in the U.S. on February 2,,3968,191ltc7,apple,https://www.apple.com/newsroom/2024/01/apple-vision-pro-available-in-the-us-on-february-2/,1494,1704722338.0
Mark just posted a video on Quest 3 x Apple Vision Pro,,4923,1aq8rkt,OculusQuest,https://v.redd.it/hjg4v8zwyfic1,1243,1707868879.0
"Apple Vision Pro Sold Out, At Least For Pre-Order",,2806,19aq9vi,technology,https://www.forbes.com/sites/johnkoetsier/2024/01/19/apple-vision-pro-sold-out-at-least-for-pre-order/,969,1705689660.0
Apple Vision Pro üòÇ,,4529,1434ieq,ProgrammerHumor,https://i.redd.it/qwz3gwj09j4b1.jpg,167,1686116159.0
Apple Vision Pro Owners Are Struggling to Figure Out What They Just Bought,,5918,1am5e63,technology,https://nymag.com/intelligencer/article/apple-vision-pro-owners-are-wondering-what-they-bought.html,1369,1707424157.0
Hello Apple Vision Pro,,827,1adfo56,apple,https://youtu.be/IY4x85zqoJM?si=Sdo_O7DfD0-LMvWJ,468,1706482421.0
Making Apple Vision Pro,,1415,19codw6,Damnthatsinteresting,https://v.redd.it/peoaefr6hxdc1,216,1705901587.0
This is Safari for Apple Vision Pro,,1442,18ude0t,apple,https://twitter.com/M1Astra/status/1740994796246724758,653,1703934584.0
Apple Vision be like:,,1416,1aod4ml,memes,https://i.redd.it/72rrf30kpzhc1.jpeg,179,1707671995.0
Apple Vision Pro reaches India,,1188,1ao0wpw,IndiaTech,https://v.redd.it/tqmn1kh4bwhc1,274,1707630819.0
Apple's Vision Pro Won't Launch With Netflix App,,1752,1999e1v,apple,https://www.bloomberg.com/news/articles/2024-01-17/watching-netflix-on-apple-vision-pro-you-ll-have-to-use-the-web,527,1705529561.0
Get Ready | Apple Vision Pro,,1120,1921q3q,apple,https://www.youtube.com/watch?v=aqTIB_q40bo,431,1704762215.0
$APPL Vision Pro letting me short $BA from 30k feet in the sky,Gonna end up shorting Apple.  Cannot wear the Vision Pro for more than an hour without it smushing my head into a migraine.,7453,1all0lt,wallstreetbets,https://v.redd.it/uuz3jjrhw9hc1,540,1707359562.0
The Simpsons predicted the Apple Vision Pro.,,3385,1ajagez,interestingasfuck,https://v.redd.it/tf1r6z54tpgc1,141,1707116265.0
"Apple Vision Pro Owners Complain of Headaches, Neck Issues and Black Eyes",,2824,1c02qy6,gadgets,https://www.macrumors.com/2024/04/09/vision-pro-owner-pain-complaints/,476,1712695572.0
Apple Vision Pro Manufacturing,Via Tim Cook Twitter,1777,19ajrms,ManufacturingPorn,https://v.redd.it/j7rverv7ledc1,123,1705672893.0
You can‚Äôt edit your Apple Vision Pro home screen: visionOS apps are arranged alphabetically,,1791,1afa6lt,apple,https://9to5mac.com/2024/01/30/apple-vison-pro-home-screen-apps-alphabetically/,449,1706678561.0
The missing vision of the Apple Vision Pro,,2880,1ccbnq3,dankmemes,https://i.redd.it/nw9grunq6iwc1.jpeg,42,1713997799.0
Apple cuts back AirPlay streaming resolution from Apple Vision Pro's displays,,1369,19bb6k0,apple,https://appleinsider.com/articles/24/01/20/apkle-cuts-back-airplay-streaming-resolution-from-apple-vision-pros-displays,303,1705755367.0
Introducing Apple Vision Pro,,834,141okqf,apple,https://www.youtube.com/watch?v=TX9qSaGXFyg,620,1685992216.0
Apple Vision Pro Lacks Wi-Fi 6E Support,,1342,198c8ys,apple,https://www.macrumors.com/2024/01/16/apple-vision-pro-lacks-wi-fi-6e-support/,378,1705435146.0
Honkai Star Rail is coming to Apple Vision Pro,,2229,1ah4et5,HonkaiStarRail,https://i.redd.it/0faznu6ei6gc1.jpeg,247,1706882627.0
Apple Vision Pro Could Take Four Generations to Reach 'Ideal Form',,1823,1aobuz1,apple,https://www.macrumors.com/2024/02/11/apple-vision-pro-fourth-generation-ideal/,565,1707668805.0
"YouTube and Spotify Won‚Äôt Launch Apple Vision Pro Apps, Joining Netflix",,2583,19a2opg,apple,https://www.bloomberg.com/news/articles/2024-01-18/youtube-and-spotify-join-netflix-in-not-launching-apple-vision-pro-apps?utm_source=website&utm_medium=share&utm_campaign=copy,803,1705616494.0
Football Manager on Apple Vision,"Be honest, would you suit up and stand in the living room, clapping when your defender clears any danger from the 16, or run around in the living room om when your midfielder scores a screamer. Or just chew gum like Ancelotti. ",2257,1cbzyl4,footballmanagergames,https://i.redd.it/nlooclj0wfwc1.jpeg,64,1713969738.0
"Apple Vision Pro is priced starting at $3,499. Available early next year.",,3947,141ogdb,apple,https://twitter.com/macrumorslive/status/1665796280860254214,2945,1685991804.0
"Apple Vision Pro Sold Out, At Least For Pre-Order",,1470,19axesl,gadgets,https://www.forbes.com/sites/johnkoetsier/2024/01/19/apple-vision-pro-sold-out-at-least-for-pre-order/?sh=6675a86c351c,534,1705707547.0
Netflix CEO says Apple Vision Pro market is irrelevant for now,,1757,19fmjil,apple,https://appleinsider.com/articles/24/01/25/netflix-ceo-says-apple-vision-pro-market-is-too-insignificant-to-bother-with?utm_medium=rss,535,1706223903.0
"$3,500 Apple Vision Pro vs. $350 Meta Quest:",,2336,14819yi,StockMarket,https://i.redd.it/ffiponhddo5b1.png,466,1686614031.0
Handful of Apple Vision Pro Units Develop Identical Crack in Cover Glass,,2353,1ay1r8x,gadgets,https://www.macrumors.com/2024/02/23/apple-vision-pro-front-glass-cracked-reports/,351,1708698463.0
Apple Vision Pro Could Take Four Generations to Reach 'Ideal Form',,1774,1aof7tv,gadgets,https://www.macrumors.com/2024/02/11/apple-vision-pro-fourth-generation-ideal/,404,1707677227.0
"Apple Vision Pro is 'tomorrow's technology today,' says Tim Cook",,1241,1ah64c3,apple,https://appleinsider.com/articles/24/02/02/apple-vision-pro-is-tomorrows-technology-today-says-tim-cook,478,1706887179.0
"Apple Vision Pro review: magic, until it‚Äôs not",,954,1aep9q8,technology,https://www.theverge.com/24054862/apple-vision-pro-review-vr-ar-headset-features-price,541,1706623764.0
Apple Vision Pro: Guided Tour,,555,19ak5xa,apple,https://www.apple.com/apple-vision-pro/guided-tour/,325,1705674020.0
A software engineer wore an Apple Vision Pro to his wedding,,2803,1b3m6h1,weddingshaming,https://i.redd.it/yorijh2hiklc1.jpeg,200,1709269799.0
'Peak Bengaluru moment' Man spotted using Apple Vision Pro,,1375,1aqbgwg,IndiaTech,https://i.redd.it/vzrv87ejlgic1.jpeg,257,1707876451.0
Apple sold 200000 Vision Pros,"This is not priced in right, must be calls for this earnings season??",3406,1aede77,wallstreetbets,https://www.macworld.com/article/2214079/vision-pro-preorder-weekend-sales-180000-units-report.html,1133,1706581460.0
It‚Äôs Apparently Easy to Crack the Apple Vision Pro's Front Screen,,2003,1azqpuk,gadgets,https://www.wired.com/story/apple-vision-pro-crack-in-front-screen/,353,1708875382.0
"Apple Vision Pro U.S. Sales Are All But Dead, Market Analysts Say - Less Than 100k Units Shipped",,3729,1e0t8bb,gadgets,https://gizmodo.com/apple-vision-pro-u-s-sales-2000469302,578,1720715589.0
Why Tim Cook Is Going All In on the Apple Vision Pro,,1441,1agaawh,apple,https://www.vanityfair.com/news/tim-cook-apple-vision-pro,506,1706791967.0
Apple Vision Pro Spatial awareness is incredible,,818,1ahmnaa,virtualreality,https://v.redd.it/suuzfgcjjagc1,246,1706931448.0
Obsidian on Apple VisionPro,,943,1ahiuyw,ObsidianMD,https://v.redd.it/evx8vxztk9gc1,131,1706919923.0
Apple Vision Pro Supports Up to 100Hz Refresh Rate,,1285,174fyap,apple,https://www.macrumors.com/2023/10/09/vision-pro-100hz-refresh-rate/,379,1696925945.0
Apple fans are starting to return their Vision Pros,,10425,1aqwv27,technology,https://www.theverge.com/2024/2/14/24072792/apple-vision-pro-early-adopters-returns,2343,1707942363.0
Apple Vision Pro Customer Interest Dying Down at Some Retail Stores,,986,1ca979i,technology,https://www.macrumors.com/2024/04/22/apple-vision-pro-customer-interest-dying-down/,346,1713788172.0
Apple Vision Pro Battery Pack Power Cable is Removable,,1034,1afs8b3,apple,https://www.macrumors.com/2024/01/31/vision-pro-battery-removable-cable/,284,1706734037.0
"Apple Vision Pro, thoughts?","Just seen on the Apple WWDC event.

Is this industry changing? Will we see the industry explode again?",282,141ni50,virtualreality,https://www.reddit.com/r/virtualreality/comments/141ni50/apple_vision_pro_thoughts/,1434,1685989524.0
Apple announces more than 600 new apps built for Apple Vision Pro,,799,1agbsih,apple,https://www.apple.com/newsroom/2024/02/apple-announces-more-than-600-new-apps-built-for-apple-vision-pro/,229,1706796448.0
"Apple Vision Pro Repairs Cost Up to $2,400 Without AppleCare+",,885,19athwx,apple,https://www.macrumors.com/2024/01/19/vision-pro-repair-cost/,217,1705697690.0
Me watching some guy blow $3500 on an Apple Vision Pro,,3292,1bxtfsf,cyberpunkgame,https://i.redd.it/hv4lfgd1zysc1.jpeg,102,1712457394.0
bu apple vision pro nasƒ±l kullanƒ±lƒ±yo amk,,1219,1dyvc57,KGBTR,https://i.redd.it/zsf80z8brfbd1.jpeg,66,1720505879.0
"Some Apple Vision Pro users¬†suffer¬†black eyes, headaches and neck pain",,1637,1c02sgt,technology,https://www.marketwatch.com/story/some-apple-vision-pro-userssufferblack-eyes-headaches-and-neck-pain-626291fc,219,1712695680.0
The $3500 Apple Vision Pro has arrived - but you can't use Netflix or YouTube on it,,3555,19cl1mh,wallstreetbets,https://www.forbes.com.au/news/innovation/apple-vision-pro-wont-have-access-to-netflix-or-youtube-at-launch/,778,1705890951.0
I LOVE MY APPLE VISION PRO,,4541,1am8q3t,okbuddyretard,https://i.redd.it/zz6naiawxfhc1.png,28,1707432657.0
finally got the new apple vision pro,,2456,1aljuph,teenagers,https://i.redd.it/tm3pdc8lm9hc1.png,60,1707356220.0
Apple Vision Pro Features 16GB of RAM and Likely Up to 1TB of Storage,,1647,192lq3p,apple,https://www.macrumors.com/2024/01/09/apple-vision-pro-how-much-ram-and-storage/,503,1704825067.0
"We‚Äôre giving away this brand new Onewheel GT S-Series & Apple Vision Pro ($7,500 value)! üò≥ Enter to win in comments.",,16908,1ajlrna,onewheel,https://www.reddit.com/gallery/1ajlrna,30391,1707153343.0
It didn‚Äôt take long for everyone to forget about apple vision pro.,,1563,1brhu98,Showerthoughts,https://www.reddit.com/r/Showerthoughts/comments/1brhu98/it_didnt_take_long_for_everyone_to_forget_about/,263,1711805147.0
Facetime call in apple vision pro looks like 480p ü§¢ü§¢ü§¢,,908,1aeq3n1,applesucks,https://i.redd.it/qkz67i5oblfc1.png,314,1706626123.0
Apple Vision Pro‚Äôs Lengthy Sales Pitch Will Include 25-Minute Demo,,1181,196g8dg,apple,https://www.bloomberg.com/news/newsletters/2024-01-14/how-to-buy-apple-vision-pro-3-499-device-to-go-on-sale-feb-2-lrdjtdm7,407,1705239975.0
Apple Vision but...,,2790,1451n2p,Unexpected,https://v.redd.it/kjwuqweuzy4b1,43,1686306785.0
Riding with apple vision pro for the first time,,1527,1aqohip,Dirtbikes,https://v.redd.it/57zealkobkic1,120,1707921783.0
PSVR2 vs Apple Vision Pro,,444,143aiq1,PSVR,https://www.reddit.com/gallery/143aiq1,485,1686137001.0
Apple's VR Headset - Vision Pro,,4829,141ngvl,virtualreality,https://i.redd.it/fov95th8s84b1.jpg,2863,1685989453.0
Apple Vision Pro Could Take Four Generations to Reach 'Ideal Form',,849,1aoc1h2,technology,https://www.macrumors.com/2024/02/11/apple-vision-pro-fourth-generation-ideal/,372,1707669257.0
Apple Reportedly Suspends Work on Vision Pro 2,,2170,1divwec,gadgets,https://www.macrumors.com/2024/06/18/apple-suspends-work-on-vision-pro-2/,664,1718730654.0
Apple Cuts Vision Pro Shipments As Demand Falls 'Sharply Beyond Expectations',,5839,1cbawhb,technology,https://www.macrumors.com/2024/04/23/apple-cuts-vision-pro-shipments/,1388,1713894340.0
Apple Vision Pro Review Roundup,"**Written Reviews:**

[The Verge](https://www.theverge.com/24054862/apple-vision-pro-review-vr-ar-headset-features-price) \- Apple Vision Pro review: magic, until it‚Äôs not

[CNET](https://www.cnet.com/tech/computing/apple-vision-pro-review-a-mind-blowing-look-at-an-unfinished-future/) \- Apple Vision Pro Review: A Mind-Blowing Look at an Unfinished Future

[Tom's Guide](https://www.tomsguide.com/computing/smart-glasses/apple-vision-pro-review) \- Apple Vision Pro review: A revolution in progress

[Washington Post](https://www.washingtonpost.com/technology/2024/01/30/apple-vision-pro-what-does-it-do/) \- Apple‚Äôs Vision Pro is nearly here. But what can you do with it?

[The Wall Street Journal](https://www.wsj.com/tech/apple-vision-pro-review-39f2d82e?st=3eyvayazbiwv29b) \- Apple Vision Pro Review: The Best Headset Yet Is Just a Glimpse of the Future

[CNBC](https://www.cnbc.com/2024/01/30/apple-vision-pro-review-the-future-of-computing-and-entertainment.html) \- Apple Vision Pro review: This is the future of computing and entertainment

&#x200B;

**Video Reviews:**

[The Verge](https://www.youtube.com/watch?v=hdwaWxY11jQ)

[CNET](https://www.youtube.com/watch?v=DQoU4dPig5E)

[The Wall Street Journal](https://www.youtube.com/watch?v=8xI10SFgzQ8)

[Tom's Guide](https://www.youtube.com/watch?v=snOt7Sgdxaw)",147,1aeplkc,hardware,https://www.reddit.com/r/hardware/comments/1aeplkc/apple_vision_pro_review_roundup/,417,1706624702.0
Apple Vision Pro to Feature 'Travel Mode' for Better In-Flight Experience,,1676,14g8u8h,apple,https://www.macrumors.com/2023/06/22/apple-vision-pro-travel-mode/,436,1687453574.0
"Apple Has Sold Approximately 200,000 Vision Pro Headsets",,4155,1ae9j5j,technology,https://www.macrumors.com/2024/01/29/apple-vision-pro-headset-sales/,1275,1706570699.0
Apple VisionPro Gestures chart,,779,1448jnn,apple,https://twitter.com/henricreates/status/1666629316895973376,197,1686228948.0
Apple Vision Pro is Missing Something...,,365,1apgsqo,apple,https://youtu.be/hOi8s2wkX4A,234,1707786862.0
Watching sports are about to be insane on the Apple Vision Pro,,1538,1aj9nod,IndiaTech,https://v.redd.it/3rqihrf4kpgc1,191,1707113258.0
Lik sa apple vision pro u Beogradu,,461,1ap1cny,serbia,https://v.redd.it/ljwv8eyp06ic1,219,1707748404.0
The real reason for the high price on the Apple Vision Pro,,1601,1ads9fk,funny,https://i.redd.it/gxqz3w44wcfc1.png,175,1706524225.0
How Apple Vision Pro headsets could change the workplace,,465,19bic3w,apple,https://qz.com/how-apple-vision-pro-headsets-could-change-workplace-1851180414,383,1705775476.0
Apple Vision Pro demand falls 'sharply beyond expectations'. Apple reviewing and adjusting product roadmap and strategy.,"* Apple has cut its 2024 Vision Pro shipments to 400‚Äì450k units (vs. market consensus of 700‚Äì800k units or more). 
* Apple cut orders before launching Vision Pro in non-US markets, which means that demand in the US market has fallen sharply beyond expectations, making Apple take a conservative view of demand in non-US markets.
* Apple is reviewing and adjusting its head-mounted display (HMD) product roadmap, so there may be no new Vision Pro model in 2025 (the previous expectation was that there would be a new model in 2H25/4Q25). Apple now expects Vision Pro shipments to decline YoY in 2025.

Source: Ming-chi Kuo",539,1cbct4h,stocks,https://www.reddit.com/r/stocks/comments/1cbct4h/apple_vision_pro_demand_falls_sharply_beyond/,250,1713898872.0
Only for Apple Vision Pro,,656,1aj7b9y,virtualreality,https://i.redd.it/peenmfi9wogc1.png,101,1707105339.0
"TechCrunch: First impressions: Yes, Apple Vision Pro works and yes, it‚Äôs good.",,1582,141ziu7,apple,https://techcrunch.com/2023/06/05/first-impressions-yes-apple-vision-pro-works-and-yes-its-good/,835,1686015826.0
You can learn piano on Apple Vision Pro,,404,1aoau6v,piano,https://v.redd.it/otwfiaywxyhc1,284,1707666238.0
Apple Vision Pro does not support Progressive Web Apps,,619,19d1eud,apple,https://twitter.com/SteveMoser/status/1749438049300124008,239,1705945413.0
"Apple VR Headset Patent from 2008. 16 years later, Apple Vision Pro Launches.",,984,1964cbg,apple,https://www.macrumors.com/2008/11/07/apple-researching-virtual-reality-headsets/,120,1705197035.0
"Apple Vision Pro launch pre-view testers complain about weight, comfort, even headaches",,965,198qbba,technology,https://www.notebookcheck.net/Apple-Vision-Pro-launch-pre-view-testers-complain-about-weight-comfort-even-headaches.793754.0.html?utm_source=dlvr.it&utm_medium=twitter,380,1705474005.0
"Don't try to sneak an Apple Vision Pro into Germany, the import cops will nab you",,1376,1am2gr0,apple,https://appleinsider.com/articles/24/02/08/berlin-customs-officers-confiscate-apple-vision-pro?utm_medium=rss,486,1707416807.0
"Apple Vision Pro Unlikely to Hit 500,000 Sales This Year, Says IDC",,486,1e0q9t0,apple,https://www.macrumors.com/2024/07/11/apple-vision-pro-under-500000-sales-this-year/,320,1720708043.0
Why Tim Cook Is Going All In on the Apple Vision Pro & First Photo Of Him Wearing It,,1859,1agfj8d,gadgets,https://www.vanityfair.com/news/tim-cook-apple-vision-pro,852,1706806295.0
Cook sets eyes on enterprise as prime market for the Apple Vision Pro,,1028,1an4w71,apple,https://twitter.com/AppleNewsAlert/status/1756129686348771418?ref_src=twsrc%5Etfw%7Ctwcamp%5Etweetembed%7Ctwterm%5E1756129686348771418%7Ctwgr%5E9588ed1de8ad16cd3f10745da743d54d83d8b728%7Ctwcon%5Es1_c10&ref_url=https%3A%2F%2Fpublish.twitter.com%2F%3Furl%3Dhttps%3A%2F%2Ftwitter.com%2FAppleNewsAlert%2Fstatus%2F1756129686348771418,289,1707529740.0
Apple Vision Pro is a game changer in the bathroom,Found this gem on twitter,1742,1bdcajh,VisionPro,https://v.redd.it/ebt13kfunznc1,78,1710286496.0
"MacBook and Apple Vision Pro owners, are you still using your Apple Vision Pro?","As somebody in the UK waiting to buy the Apple Vision Pro, I‚Äôm curious. Are people still using their Apple Vision Pro regularly?
Say you are at home by yourself. You want to use your MacBook for whatever reason. Do you start up your MacBook and get going straight away? Or do you pair it with an Apple Vision Pro first and use it that way?

I‚Äôm trying to avoid the use case of watching media, as that is obviously better on the Apple Vision Pro than on a MacBook.",49,1cpft1p,VisionPro,https://www.reddit.com/r/VisionPro/comments/1cpft1p/macbook_and_apple_vision_pro_owners_are_you_still/,138,1715428467.0
Unity drama will probably kill the Apple Vision Pro,"[Apple partnered with Unity](https://blog.unity.com/engine-platform/unity-support-for-visionos) to create Polyspacial, a system for developing on the Apple Vision Pro. The problem is, pretty much [all devs have been outraged by the new fee structure](https://www.theguardian.com/games/2023/sep/12/unity-engine-fees-backlash-response) (charging 20 cents for every download) and many have declared an intention to leave Unity for other platforms and even delete their games altogether. 

The main alternative is the Unreal Engine by Epic Games. Epic Games had [a huge lawsuit](https://en.wikipedia.org/wiki/Epic_Games_v._Apple#Decision) with Apple because Epic didn't like the Apple tax on their App Store revenue. 

So Apple Vision Pro will have basically no devs for their platform just as they need them to create apps to make this hunk of overpriced glass and aluminium worth buying. ",793,16idgkd,wallstreetbets,https://www.reddit.com/r/wallstreetbets/comments/16idgkd/unity_drama_will_probably_kill_the_apple_vision/,268,1694682445.0
Apple Vision,,1157,1amoxx6,dankvideos,https://v.redd.it/snkxbh9jhkhc1,22,1707487685.0
Apple Vision Pro Battery Supports Up to 2.5 Hours of 2D Video Playback,,1160,191onhw,gadgets,https://www.macrumors.com/2024/01/08/apple-vision-pro-battery-life-video-playback/,350,1704730133.0
The TRUTH about the Apple Vision Pro,,530,1ap4kc8,oculus,https://v.redd.it/uj2uiym9p6ic1,151,1707756689.0
Apple Vision Pro return rate appears low,,341,1asjshr,VisionPro,https://appleinsider.com/articles/24/02/16/so-far-the-early-return-rate-on-apple-vision-pro-is-pretty-low,221,1708118000.0
Apple Vision Pro Review Roundup,"**Written Reviews:**

[The Verge](https://www.theverge.com/24054862/apple-vision-pro-review-vr-ar-headset-features-price) \- Apple Vision Pro review: magic, until it‚Äôs not

[CNET](https://www.cnet.com/tech/computing/apple-vision-pro-review-a-mind-blowing-look-at-an-unfinished-future/) \- Apple Vision Pro Review: A Mind-Blowing Look at an Unfinished Future

[Tom's Guide](https://www.tomsguide.com/computing/smart-glasses/apple-vision-pro-review) \- Apple Vision Pro review: A revolution in progress

[Washington Post](https://www.washingtonpost.com/technology/2024/01/30/apple-vision-pro-what-does-it-do/) \- Apple‚Äôs Vision Pro is nearly here. But what can you do with it?

[The Wall Street Journal](https://www.wsj.com/tech/apple-vision-pro-review-39f2d82e?st=3eyvayazbiwv29b) \- Apple Vision Pro Review: The Best Headset Yet Is Just a Glimpse of the Future

[CNBC](https://www.cnbc.com/2024/01/30/apple-vision-pro-review-the-future-of-computing-and-entertainment.html) \- Apple Vision Pro review: This is the future of computing and entertainment

&#x200B;

**Video Reviews:**

[The Verge](https://www.youtube.com/watch?v=hdwaWxY11jQ)

[CNET](https://www.youtube.com/watch?v=DQoU4dPig5E)

[The Wall Street Journal](https://www.youtube.com/watch?v=8xI10SFgzQ8)

[Tom‚Äôs Guide](https://www.youtube.com/watch?v=snOt7Sgdxaw)",166,1aepiq2,virtualreality,https://www.reddit.com/r/virtualreality/comments/1aepiq2/apple_vision_pro_review_roundup/,257,1706624464.0
"This was my first thought when I first saw Apple Vision pro, this is the Silicon Valley future we don't need.",,6421,1ahs0sd,fuckcars,https://v.redd.it/lcc2glmx5cgc1,303,1706951190.0
"Apple Vision Pro review: magic, until it‚Äôs not",,303,1aepayx,virtualreality,https://www.theverge.com/24054862/apple-vision-pro-review-vr-ar-headset-features-price,457,1706623856.0
"This is what its like to experience the new ""Apple Vision"" ",,952,1ajbgsk,TikTokCringe,https://v.redd.it/u8y752nc5qgc1,172,1707120379.0
"Apple Vision Pro Launches in UK, Canada, France, Germany, and Australia",,453,1e1eawg,apple,https://www.macrumors.com/2024/07/12/apple-vision-pro-launched-uk-canada-france-germany/,166,1720780033.0
Throwing Infinite Money with Apple Vision Pro,,472,1as9e3h,virtualreality,https://v.redd.it/y7neun14fyic1,145,1708092382.0
Apple posts a support article urging individuals not to jailbreak the Apple Vision Pro,,596,1aztj55,apple,https://support.apple.com/en-ie/guide/apple-vision-pro/dev58c4a41bf/visionos,155,1708882262.0
Apple Vision Pro Battery Supports Up to 2.5 Hours of 2D Video Playback,,978,191olrt,apple,https://www.macrumors.com/2024/01/08/apple-vision-pro-battery-life-video-playback/,339,1704730009.0
"Apple Vision Pro U.S. Sales Are All But Dead, Market Analysts Say",,401,1e108pc,virtualreality,https://gizmodo.com/apple-vision-pro-u-s-sales-2000469302,270,1720733345.0
Watching Sports on Apple Vision,,334,1c5dt79,singularity,https://v.redd.it/363vhwawutuc1,96,1713267194.0
My Life Outside of the Apple Vision Pro,,290,1c9dha3,apple,https://www.wired.com/story/the-only-thing-worse-than-one-vision-pro-in-a-relationship-is-two/,189,1713690336.0
Apple Vision Pro,,334,1b1dvh5,RepTronics,https://i.redd.it/omyqilg575lc1.jpeg,82,1709046018.0
TOA Wardens on Apple Vision Pro,,595,1axrr22,2007scape,https://v.redd.it/3hnwfl12j9kc1,88,1708662955.0
Apple Vision Pro available in the U.S. on February 2,,573,191lter,VisionPro,https://www.apple.com/newsroom/2024/01/apple-vision-pro-available-in-the-us-on-february-2/,301,1704722344.0
Cheaper Apple Vision Headset Might Require a Tethered iPhone or Mac,,445,1dnd8f1,apple,https://www.macrumors.com/2024/06/24/cheaper-apple-vision-pro-tethered-iphone-mac/,208,1719234940.0
New Delhi surgeon leads groundbreaking bariatric surgery using Apple Vision Pro,,668,1d0uk3r,IndiaTech,https://v.redd.it/llm3wijzjp2d1,135,1716701866.0
Surgeons in Chennai (INDIA) are using Apple Vision Pro headset to perform key-hole surgeries,,1570,1cnthqy,Damnthatsinteresting,https://v.redd.it/3on8u638jdzc1,130,1715248771.0
Apple Vision Pro Pre-Orders Start Now!,,126,19aiitw,VisionPro,https://www.apple.com/us/shop/goto/store,414,1705669148.0
Guy wears Apple Vision Pro to his wedding,,1426,1b344hx,sadcringe,https://i.redd.it/37unwmbfiilc1.jpeg,49,1709223291.0
Apple Vision Pro will support over 100 Apple Arcade games,,296,142jton,gadgets,https://www.digitaltrends.com/gaming/apple-vision-pro-apple-arcade-game-support/?utm_source=reddit&utm_medium=pe&utm_campaign=pd,336,1686065772.0
"Apple Vision Pro 2 tipped for 2026 launch, but cheaper headset planned before that",,775,1chc2ye,apple,https://www.tomsguide.com/computing/vr-ar/its-a-long-wait-for-apple-vision-pro-2-and-the-company-is-flummoxed-by-making-a-cheaper-headset-first,214,1714533719.0
Just Got My Apple Vision Pro - Megathread,,136,1ah5mz7,VisionPro,https://www.reddit.com/r/VisionPro/comments/1ah5mz7/just_got_my_apple_vision_pro_megathread/,428,1706885915.0
"(The Verge) Apple Vision Pro review: magic, until it‚Äôs not","https://www.theverge.com/24054862/apple-vision-pro-review-vr-ar-headset-features-price



**7/10**


**THE GOOD**

* Display is a technical marvel with the best video passthrough yet
 
 
* Hand and eye tracking are a leap forward
 
 
* Works seamlessly with Apple‚Äôs ecosystem
 
 
* Fun to put windows all over space
 

**THE BAD**

* Very expensive
 
 
* Video passthrough is still video passthrough and can be blurry
 
 
* Hand and eye tracking can be inconsistent and frustrating
 
 
* Personas are uncanny and somewhat terrifying
 
 
* It‚Äôs pretty lonely in there",308,1aep54z,VisionPro,https://www.reddit.com/r/VisionPro/comments/1aep54z/the_verge_apple_vision_pro_review_magic_until_its/,525,1706623410.0
Apple Vision 12 Pro max,,1663,1auarf7,shitposting,https://v.redd.it/9kbrce821gjc1,18,1708305414.0
Apple Vision Pro after the first day,,807,1422mes,virtualreality,https://i.redd.it/c1c4bgbvkb4b1.png,153,1686023303.0
Apple Vision Pro's Spatial Avatars are a gamechanger,,373,1buu4gi,singularity,https://v.redd.it/hn0t7ki9z9sc1,146,1712154820.0
ANNAPRO's Second-gen Comfort Head Strap Design for Apple Vision Pro - We Need Your Feedback!,"Hey folks!

It's been three months since we rolled out our [first-gen Comfort Head Strap for the Apple Vision Pro](https://annapro.com/products/comfort-support-strap-for-apple-vision-pro?from=reddit_gen2_feedback_post), and we've been stoked by the positive feedback! Many of you have proven that it really helps ease the pressure on the face. But we also heard from some of you with larger heads that the strap was a bit snug. So, we've gone back to the drawing board and come up with a new design, and we‚Äôd love to get your thoughts!

Here are the key updates:

**1. Better Adjustability:**

For those with larger heads, we've added an adjustable panel with a foam pad. This panel uses a ""ball-and-socket"" mechanism, allowing forward and backward adjustments while staying stable. We also slimmed down the sides to allow about 0.5 cm of front-to-back movement, which helps with eye-tracking adjustments.

**2. Height Upgrade:**

We've increased the strap's overall height for a more comfortable fit. This prevents the AVP from sitting too high and lets users switch to thicker cushions for extra comfort.

**3. Improved Materials:**

We‚Äôre planning to switch from the original leather to ice silk material for the foam cushions. The leather could get a bit sweaty, so the ice silk should be way more comfortable, especially in the summer.

**4. Integrated Battery:**

We‚Äôve built the battery into the head strap to balance the weight better and reduce the risk of dropping the main unit. The battery is magnetically detachable and can be swapped out easily, so no more lugging around a huge power bank.

**5. Gear Adjustment:**

Similar to the Meta Quest head strap design, our new strap can be adjusted and tightened with gears, making it easier to get the perfect fit.

These are our ideas for the next-gen Vision Pro head strap, and we can‚Äôt wait to hear what you think. Your feedback is super important to us and helps us make our products better.

Thanks in advance for your input!

Cheers,

The ANNAPRO Team

https://preview.redd.it/cqxoo3up94bd1.png?width=1280&format=png&auto=webp&s=9e3405e2a32a2a34e4667a962c38e7ca59c40062

https://preview.redd.it/cqa5f7up94bd1.png?width=1280&format=png&auto=webp&s=971c6cc6a1d62dd9fd1c1e8d20629287067e64da",651,1dxjeok,VisionPro,https://www.reddit.com/r/VisionPro/comments/1dxjeok/annapros_secondgen_comfort_head_strap_design_for/,255,1720366878.0
Short review of Apple Vision Pro,,720,1afann2,IndiaTech,https://v.redd.it/2z279fc8spfc1,69,1706680127.0
All Apple Vision Pro accessory prices,"Apple Vision Pro Travel Case
$199.00

New
Apple Vision Pro Battery
$199.00

New
ZEISS Optical Inserts
From $99.00

New
Apple Vision Pro Light Seal
$199.00

New
Apple Vision Pro Light Seal Cushion
$29.00

New
Belkin Battery Holder for Apple Vision Pro
$49.95

New
Apple Vision Pro Solo Knit Band
$99.00

New
Apple Vision Pro Dual Loop Band
$99.00

240W USB-C Charge Cable (2 m)
$29.00

30W USB-C Power Adapter
$39.00",301,19aj3uk,apple,https://www.apple.com/shop/accessories/all/apple-vision-pro,152,1705670973.0
Apple Vision Pro used to assist doctor during shoulder surgery,,792,1c8laz0,apple,https://9to5mac.com/2024/04/19/vision-pro-surgeon-rotator-cuff-tear/,96,1713603162.0
Poolview: a space for Apple Vision Pro owners,,182,1b3gxsh,VisionPro,https://i.redd.it/b3vm20asemlc1.png,274,1709254449.0
The Apple Vision Pro is too Expensive. And yet‚Ä¶,"When people ask me about the price, I‚Äôll remind them what 61,000 people are paying for a few hours of entertainment in a stadium (not including flight, hotel, food, etc. )

",398,1ap1qd2,VisionPro,https://v.redd.it/iuzj90kx36ic1,195,1707749462.0
"Currently, what's the point of the Apple Vision Pro?","Apparently it's not for gaming. That leaves its biggest use scenarios to be either the consumption of media, or productivity. 

Productivity wise, there's only so long you can take with a heavy headset strapped to your face. Even if you work from home, you certainly won't be spending all day walking around the house with it like its a pair of Raybans because while it is lighter than the quest 3, it's still about a pound of weight on your face. Not to mention you'd be wired to an external battery, which would probably be kind of annoying. You can't be using it outdoors much either because, looking goofy aside, just like the quest 3, it's pancake lenses are vulnerable to damage from sunlight.

That leaves the vision pro to be used as some sort of personal cinema or portable huge screen, for which it's M2 chip is completely overkill for. 
The problem is that it uses the same pancake lenses as the quest 3. The same lenses that many say have too much glare/ghosting when there's a bright scene in a darker background. More info about the nature of pancake lenses here: https://pimax.com/aspheric-vs-pancake-vr-lenses-and-why-glass/

Personally, I don't even enjoy my quest 3 when it comes to watching media for that reason. Pancake lens glare is inevitable and looks like this, even on the $1000 Bigscreen Beyond: https://youtu.be/pQzSb_JPH5Y?si=tMsJR1I1shrjo3Xt&t=1157

It doesn't matter that the resolution is 2.5 times of the quest 3 if you're going to be getting the same distracting amount of glare and ghosting on anything that looks bright. Consuming media on a $3500 85inch qled 4k tv would be more enjoyable since the image would be absolutely crystal clear, and there's nothing weighing on your face so it's way more comfortable for long viewing sessions. Either way you'll probably be using it at home so the form factor isn't so much the issue. 

So really, what is appeal of the $3500 vision pro? If they sold a Quest 3 that's as light as sunglasses you can wear around all day, with crystal clear optics and a huge immersive FOV, I might say it's worth the price of seven quest 3s. But right now, what's the point of it? 

Sure it has an m2 chip that's Macbook standard, but how is someone going to take full advantage of that with all the other constraints? 

Surely no one is going to use eye and hand tracking controls to edit videos, audio, graphic design, or whatever it is people buy Macbooks for right? (I wouldn't know, always been a windows laptop/desktop user). 

Attaching a bunch of wireless accessories like a keyboard and mouse would also kind of diminish the point of having a fully portable hands free spatial computer on your face.",151,194s7t3,virtualreality,https://www.reddit.com/r/virtualreality/comments/194s7t3/currently_whats_the_point_of_the_apple_vision_pro/,543,1705056361.0
Apple Vision Pro tipped for late Jan/early Feb release,,505,18s1ek1,technology,https://techcrunch.com/2023/12/26/apple-vision-pro-tipped-for-late-jan-early-feb-release/,226,1703685813.0
I love the Apple Vision Pro Travel Case,,334,1b5lq2e,VisionPro,https://i.redd.it/zx8ixvdmf5mc1.jpeg,166,1709484676.0
Apple reportedly cuts Vision Pro production due to low demand,,1569,1cbr213,technology,https://www.theverge.com/2024/4/23/24138487/apple-vision-pro-cut-shipment-forecast-kuo-rumor,626,1713938823.0
"""We'll all be wearing Apple Vision Pro in 6 months, whether you like it or not."" - Silicon Valley douchebag",,1363,1ajpcqu,LinkedInLunatics,https://i.redd.it/1bdd99t6ktgc1.jpeg,606,1707161813.0
Why are people defending the price on the apple vision pro?,"Like yes, we all understand how 'super advanced' it is as if the invented the idea. Yes, the quality may be great but why? Why should an xr device be 3500 dollars? Especially when there will probably be no popular applications on it? That's the equivalent to using a 4090 just to play roblox.",247,19bb9z0,oculus,https://www.reddit.com/r/oculus/comments/19bb9z0/why_are_people_defending_the_price_on_the_apple/,533,1705755688.0
Nintendo switch at 4K on Apple Vision Pro is a miracle,,497,1air6av,VisionPro,https://i.redd.it/iogn95bedlgc1.png,233,1707062567.0
Apple Vision Pro review: This is the future of computing and entertainment,,403,1agh5o3,apple,https://www.cnbc.com/2024/01/30/apple-vision-pro-review-the-future-of-computing-and-entertainment.html,376,1706810368.0
"Apple Vision Pro 'Visual Search' Feature Can Identify Items, Copy Printed Text, Translate and More",,1787,14g1m7x,apple,https://www.macrumors.com/2023/06/21/vision-pro-visual-search-feature/,271,1687435259.0
"You'll need an appointment, a head scan, and prescription data to buy an Apple Vision Pro | Headset will only be available in US Apple Stores through most of 2024",,3592,14u3vs0,gadgets,https://www.techspot.com/news/99326-youll-need-appointment-head-scan-prescription-data-buy.html,550,1688821763.0
Will you try Apple Vision Pro?,"Apple Vision Pro is coming out this quarter and I want to try it out at the Apple Store, even though I can‚Äôt afford it.  But I‚Äôm worried it will make my still novel Quest 3 feel old and obsolete.  So maybe I shouldn‚Äôt even try something I can‚Äôt afford.",81,18wxg6l,OculusQuest,https://www.reddit.com/r/OculusQuest/comments/18wxg6l/will_you_try_apple_vision_pro/,309,1704222666.0
Losercity apple vision pro,,636,1bxbxx7,Losercity,https://v.redd.it/ydx79m8g5vsc1,34,1712411123.0
Vroom on Apple Vision Pro,,316,1d0p3pq,VisionPro,https://v.redd.it/lq3d0nyztn2d1,65,1716681883.0
Apple Vision Pro users be like,,1318,1aiqpb8,Lain,https://i.redd.it/7xwpgk3u9lgc1.jpeg,29,1707061352.0
Wedbush: Apple 'renaissance' inbound after Vision Pro launch,,1325,1ajz7wp,apple,https://appleinsider.com/articles/24/02/04/apple-renaissance-inbound-after-vision-pro-launch-success,565,1707187238.0
"MIT PhD Student Hacks Apple Vision Pro Days After Release, Reveals Potential Jailbreaks And Malware Threats",,2451,1aji05g,technology,https://in.mashable.com/tech/68954/mit-phd-student-hacks-apple-vision-pro-days-after-release-reveals-potential-jailbreaks-and-malware-t,135,1707143888.0
Apple Vision Pro | Home Page,,291,141p7na,apple,https://www.apple.com/apple-vision-pro/,269,1685993819.0
Apple‚Äôs Vision Pro AR headset is finally here,,2240,141nh1v,technology,https://techcrunch.com/2023/06/05/apple-headset/,2172,1685989463.0
Apple Vision Pro as virtual display for Traktor,"So I‚Äôve been playing around using my Apple Vision Pro as a virtual screen for Traktor at home. 

I recorded a sick four deck stems drum and bass demo to show you guys, but stupidly the AVP didn‚Äôt record any audio so you can‚Äôt get the full experience. 

I wasn‚Äôt going to upload it (especially since the first person POV is kind of nauseating to watch), but u/astromech_dj ‚Äòs latest article on Rogue DJs sparked my interest and u/youngtankred encouraged me to post it anyway. 

While you can‚Äôt get much from the video, and I would never buy an AVP just for this purpose, it is absolutely awesome to have a big virtual screen like this right in your face without the need for a big monitor. 

In fact I sold my big display monitor that I often used for work here (laptop sitting on top of the deck saver for the mixer) and use the AVP almost exclusively for a large laptop display now. 

At the price it doesn‚Äôt make sense (and work bought it anyway), but as the price comes down I think it will become a more and more viable solution. It‚Äôs nothing like VR DJing at all, and right now is basically just a monitor replacement, but you can see how having virtual record boxes, effects and so on will evolve over time. 

Anyway, hard to get much from this video but just posted here for the curious!",219,1d7vzvn,DJs,https://v.redd.it/y2i4t8n6uj4d1,129,1717504343.0
"With the addition of the Apple VisionPro, my Extended Reality Collection is Finally Complete ",,1074,1alxdo0,VisionPro,https://v.redd.it/riyn3jiwjdhc1,195,1707403732.0
Apple Vision Pro Initial Thoughts - From a Quest 3 User,"New post with why I kept it: https://www.reddit.com/r/OculusQuest/s/1xXtxDQc15

TLDR - You are not missing out on much.

Gonna do a quick numbered comparison AVP to Q3 - More thoughts in a later post just wanted to let everyone know they are not missing out on much.

AVP:

10/10 Resolution

10/10 Color

9/10 User experience 

3/10 Weight on face

5/10 FOV 


Q3:

7/10 Resolution

5/10 Color

8/10 User Experience 

9/10 Weight on face

8/10 FOV

Why do I say you are not missing out on much? 

The pixel smear is horrendous. Apple didn‚Äôt solve OLED Mura/Pixel smear and it is extremely off putting and disorienting to turn your head just a little to fast. Not even that fast, just a little fast. Like normal head turning speed.

I would wait for Q Pro 2 if you were looking to upgrade. If Apple can‚Äôt solve the pixel smear/mura of OLED tech then no one can. The Quantum dot mini-LED LCD tech of Q Pro 1 was the true king. The only disappointing thing about the Q Pro 1 was the resolution - which Q3 improved but it was sadly LCD so colors/dynamic range were a downgrade over Q Pro.

Also, the ‚Äú180 3D 8k‚Äù immersive experiences are more like 160. And half of the scenes are lowered FOV. Prob about 120-130, not much but it takes away from the immersion when you can‚Äôt see the ground or sky completely when you look 100% up, down, left, right.

Although the sharpness at that resolution with the AVP panels is jaw dropping, the pixel smear is horrendous.

Also, my eyeballs are already tired from having to physically look at every thing I‚Äôm clicking, instead of just using my hands or controllers to point.

Gonna get right to work on mastering my Q2/Q3 immersive 180 3D 8k experiences for AVP. Someone‚Äôs gotta put some decent 180 content out there for everyone if Apples gonna drop the ball on it. They should call it Apple 160 3D 8k experiences.

Edit: It‚Äôs ridiculously heavy. Nothing like how light Q3 is, so it‚Äôs a bit uncomfortable.

FOV is lower than Q2 on Vertical axis and about the same FOV as Q2 on horizontal axis. You read that right it‚Äôs lower that Q2 (Q3 is higher FOV for all axis)

Edit 2: The small oval FOV isn‚Äôt even fully usable, because if you look close to the edges of the FOV there is distortion and color shift on the last 5-10 degrees. The lenses themselves are distorting it. No edge to edge clarity like Q3.

Edit 3: Holy hell the glare on this is terrible. There is a lot of glare on the lens when using the web. Not something that can be fixed with a software update.",376,1ahcowf,OculusQuest,https://www.reddit.com/r/OculusQuest/comments/1ahcowf/apple_vision_pro_initial_thoughts_from_a_quest_3/,274,1706903987.0
Apple Vision Pro Customer Interest Dying Down at Some Retail Stores,"As an avid VR fan, I think Apple shares a lot of the blame for this. The support from Apple has been abysmal. No new immersive content since release, no support for OpenVR or OpenAR (a glaring omission that robs the headset of metric tons of content) no live sports or concerts (superbowl, march madness, taylor swifts eras tour disney release all came and went without any of the rumored vr integration), no new first party apps, no Netflix or YouTube even two months later, Meta and Sony supported their products far better than this. Hell you still cant even use the headset to watch a movie at night without it constantly stopping the movie to tell you there isnt enough light.

Why did they release a product that they had no intention to support?",223,1ca6vmz,VisionPro,https://www.macrumors.com/2024/04/22/apple-vision-pro-customer-interest-dying-down/,286,1713780067.0
People are looking way too deep into the Apple Vision Pro and other headsets,"It‚Äôs really not that serious, not every new piece of technology or advancement in technology is a Black Mirror episode. I watched so many videos on the Apple Vision Pro and everyone in the comments keep talking about how this is scary, it‚Äôs brain rot, or we should be living life instead of wearing a headset. It‚Äôs just a cool device, same way you‚Äôd get entertainment or utility from your phone is the same way I see people using the headset. 

It‚Äôs not the end of the world, relax.",539,1akb7nt,unpopularopinion,https://www.reddit.com/r/unpopularopinion/comments/1akb7nt/people_are_looking_way_too_deep_into_the_apple/,367,1707230230.0
Using a Steam Deck with Apple Vision Pro headset,,486,1aj1dw7,SteamDeck,https://x.com/jitl/status/1754274764888117248?s=20,137,1707087952.0
Guy skydives with Apple Vision Pro,,324,1aojthz,VisionPro,https://v.redd.it/acglu6rs31ic1,107,1707688881.0
Measure with your Apple Vision Pro. It's free,,596,1auubxu,VisionPro,https://v.redd.it/wjhplj592ljc1,90,1708366773.0
iPad Pro M4 13 Inch or Apple Vision Pro?,In the UK we are getting the Vision Pro next month. I currently have no computer as I always change up things. I was looking at getting the iPad with the magic keyboard as my full time computer but at its price with just a grand more I can get into the Vision Pro. My work load is not heavy at all hence my decision to use an iPad. I just want the best hardware and experience. What should I do? Save the money and get a ‚Äúboring iPad‚Äù or get into the future of computing. ,154,1dhjfez,iPadPro,https://i.redd.it/ip9djtzfi07d1.jpeg,208,1718577900.0
Marques Brownlee - Apple Vision Pro Review,,184,1afk8yh,VisionPro,https://www.youtube.com/watch?v=dtp6b76pMak&ab_channel=MarquesBrownlee,196,1706714455.0
CT scan of an Apple Vision Pro,,1027,1bzxk3g,gifs,https://i.imgur.com/8icphOg.gifv,31,1712682877.0
Reports are spreading of Apple Vision Pro front glass cracking at random,,733,1axocde,apple,https://appleinsider.com/articles/24/02/22/reports-are-spreading-about-a-very-specific-apple-vision-pro-front-glass-crack,147,1708652672.0
Apple's Vision Pro Developer Labs Not Drawing Many Attendees,,469,15ggz82,apple,https://www.macrumors.com/2023/08/02/apple-vision-pro-developer-lab-attendance/,284,1691001560.0
I don‚Äôt understand the hate for the Apple Vision Pro.,"Yes, it‚Äôs expensive. Is it worth the price in its current state? Probably not. Are other ultra high end headsets worth it? No, also probably not. How I see it, it‚Äôs a preview of future technology. The advances and software made by and for the Vision Pro will trickle down to the whole VR industry. The publicity it generates helps VR as a whole. People wearing it in public just help to aliviate the social stigma around vr. Flaws and price aside, it is genuinely interesting technology, and it seems cool, even if it isn‚Äôt perfect in its current state. I feel like people are hating on it partially just because Apple made it.",157,1aiy5mn,virtualreality,https://www.reddit.com/r/virtualreality/comments/1aiy5mn/i_dont_understand_the_hate_for_the_apple_vision/,525,1707079795.0
Watching 5 NBA Games Simultaneously Using Apple Vision Pro,Source: https://youtu.be/GkPw6ScHyb4?si=sAfG0LpMRJF_x8eZ,268,1afbh4a,virtualreality,https://v.redd.it/w7kmbxrq0qfc1,216,1706682986.0
Apple Vision Pro Solo Loop strap with Quest 3,,451,1apiup8,OculusQuest,https://i.redd.it/gzbmkitgo9ic1.jpeg,129,1707792745.0
imagine an Apple Vision Pro mod for matrix rooms,,1489,1ajsj84,projectzomboid,https://i.redd.it/2gu9kwo47ugc1.png,39,1707169465.0
"It‚Äôs official: Apple announces AR device due to next year. Apple Vision Pro starts at US$3,499",,583,141omhx,technology,https://variety.com/2023/digital/news/apple-vr-headset-pricing-ship-date-specs-wwdc-1235632912/,488,1685992333.0
The $800 laminated glass on The Apple Vision Pro is covered with plastic!,"At this point they should've just made it plastic to begin with to reduce weight. Why even add glass underneath the plastic that can get permanently scuffed up? it's non user removable plastic layer.

Video by [JerryRigEverything](https://youtu.be/LmcWMjBpYBU?si=j_P8bkl3qx6RSnZ9)",444,1ak4gr1,virtualreality,https://www.reddit.com/gallery/1ak4gr1,281,1707205367.0
Meta Quest receives spatial video and gesture support as company hopes the Apple Vision Pro can save mixed reality,,1073,1ah306r,gadgets,https://www.techspot.com/news/101734-meta-quest-receives-spatial-video-gesture-support-company.html,360,1706878484.0
Apple Vision Pro,,806,1aklvhc,MemeVideos,https://v.redd.it/w7tie831e1hc1,18,1707256477.0
Apple Vision Pro Review Roundup,"&#x200B;

**Written Reviews:**

[The Verge](https://www.theverge.com/24054862/apple-vision-pro-review-vr-ar-headset-features-price) \- Apple Vision Pro review: magic, until it‚Äôs not

[CNET](https://www.cnet.com/tech/computing/apple-vision-pro-review-a-mind-blowing-look-at-an-unfinished-future/) \- Apple Vision Pro Review: A Mind-Blowing Look at an Unfinished Future

[Tom's Guide](https://www.tomsguide.com/computing/smart-glasses/apple-vision-pro-review) \- Apple Vision Pro review: A revolution in progress

[Washington Post](https://www.washingtonpost.com/technology/2024/01/30/apple-vision-pro-what-does-it-do/) \- Apple‚Äôs Vision Pro is nearly here. But what can you do with it?

[The Wall Street Journal](https://www.wsj.com/tech/apple-vision-pro-review-39f2d82e) \- Apple Vision Pro Review: The Best Headset Yet Is Just a Glimpse of the Future

[CNBC](https://www.cnbc.com/2024/01/30/apple-vision-pro-review-the-future-of-computing-and-entertainment.html) \- Apple Vision Pro review: This is the future of computing and entertainment

&#x200B;

**Video Reviews:**

[The Verge](https://www.youtube.com/watch?v=hdwaWxY11jQ)

[The Wall Street Journal](https://www.youtube.com/watch?v=8xI10SFgzQ8)

[CNET](https://www.youtube.com/watch?v=DQoU4dPig5E)

[Tom's Guide](https://www.youtube.com/watch?v=snOt7Sgdxaw)

[Marques Brownlee](https://youtu.be/SaneSRqePVY?si=wKdyL2duY7AvntW7&t=598)

[Brian Tong](https://www.youtube.com/watch?v=GkPw6ScHyb4)

[iJustine](https://www.youtube.com/watch?v=CaWt6-xe29k)",159,1aepq3w,VisionPro,https://www.reddit.com/r/VisionPro/comments/1aepq3w/apple_vision_pro_review_roundup/,123,1706625062.0
"Apple Has Sold Approximately 200,000 Vision Pro Headsets",,1505,1aehsmf,apple,https://www.macrumors.com/2024/01/29/apple-vision-pro-headset-sales/,393,1706595676.0
In context of popular Apple Vision - see comment,,805,1amy9l4,Cyberpunk,https://i.redd.it/2253fxxygmhc1.png,68,1707511762.0
Apple employees who worked for the Vision Pro get a nice gift,,2716,1ali2bo,apple,https://twitter.com/kaubin/status/1755312748760629684,470,1707351035.0
"Apple Vision Pro‚Äôs components reportedly cost $1,542",,274,1b1cy6i,VisionPro,https://arstechnica.com/gadgets/2024/02/apple-vision-pros-components-cost-1542-but-thats-not-the-full-story/?utm_source=tldrnewsletter,159,1709043565.0
Guy using Apple Vision Pro on NYC subway.,,223,1aidz2b,newyorkcity,https://v.redd.it/omvemzbkoggc1,162,1707016368.0
Apple Vision Pro Is Changing the Way Americans Die in a Tesla,,1256,1alin8m,RealTesla,https://hard-drive.net/hd/technology/apple-vision-pro-is-changing-the-way-americans-die-in-a-tesla/,71,1707352738.0
Riding with apple vision pro for first time,,1125,1aqr15u,CalamariRaceTeam,https://v.redd.it/g5doezpsukic1,35,1707928223.0
Apple Asks Customers for Vision Pro Feedback,,701,1ce5jrd,apple,https://www.macrumors.com/2024/04/26/apple-asks-customers-for-vision-pro-feedback/,335,1714191293.0
Apple 'Carefully Orchestrating' Vision Pro Reviews With Multiple Meetings,,1138,192yvf2,apple,https://www.macrumors.com/2024/01/09/apple-vision-pro-reviews-multiple-meetings/,595,1704858789.0
Apple launches first ever Immersive Video sports film for Apple Vision Pro,,310,1bpzx5z,VisionPro,https://9to5mac.com/2024/03/28/apple-vision-pro-mls-immersive/,88,1711643589.0
I Know What the Apple Vision Pro Is For,,182,1dfb2p1,apple,https://nymag.com/intelligencer/article/apple-vision-pro-disabled-users.html,119,1718316327.0
Here‚Äôs a look at what Keynote looks like on Apple Vision Pro,,545,196bu5f,apple,https://9to5mac.com/2024/01/12/gallery-keynote-app-apple-vision-pro/,206,1705223370.0
Apple Vision Pro starts at $3499,"$3k more than Meta Quest 3.

It's a god-tier AR only device. 

Mad respect to them for packing so much into that thing.",135,141oile,OculusQuest,https://www.reddit.com/r/OculusQuest/comments/141oile/apple_vision_pro_starts_at_3499/,314,1685992074.0
Apple workers outnumbered customers at Vision Pro launch in downtown San Francisco,,2448,1ahgq9i,apple,https://www.sfgate.com/tech/article/apple-vision-pro-sf-union-square-launch-crowd-18644828.php,440,1706914272.0
"Apple Vision Pro U.S. Sales Are All But Dead, Market Analysts Say - Less Than 100k Units Shipped",,564,1e0t8ul,hardware,https://gizmodo.com/apple-vision-pro-u-s-sales-2000469302,263,1720715628.0
Zoom launches new app for Apple Vision Pro to make hybrid collaboration more immersive,,748,1ae0oyz,apple,https://news.zoom.us/zoom-launches-new-app-for-apple-vision-pro-to-make-hybrid-collaboration-more-immersive/,160,1706548947.0
"Apple Vision Pro users who wear glasses will need to order special magnetic lenses made by Zeiss, pricing not yet available",,1877,143l9y6,technology,https://gizmodo.com/vision-pro-apple-wwdc-2023-early-review-price-1850511067,627,1686163379.0
Is the Apple Vision Pro allowed in uniform?,,239,1az3jl4,army,https://www.reddit.com/r/army/comments/1az3jl4/is_the_apple_vision_pro_allowed_in_uniform/,127,1708804229.0
Apple Vision Pro basically has a display refresh rate of 90Hz and supports a special 96Hz mode for 24fps video according to Apple Developer Video,,1281,143izpo,apple,https://developer.apple.com/videos/play/wwdc2023/10071/?time=143,326,1686157956.0
"Apple fans are starting to return their Vision Pros | Comfort, headache, and eye strain are among the top reasons people say they‚Äôre returning their Vision Pro headsets.",,4939,1ar1kq0,gadgets,https://www.theverge.com/2024/2/14/24072792/apple-vision-pro-early-adopters-returns,901,1707954498.0
"Apple Is Reportedly Scaling Back Production Plans of Its $3,499 Vision Pro Mixed Reality Headset",,11173,14qb46j,technology,https://www.ign.com/articles/apple-is-reportedly-scaling-back-production-plans-of-its-3499-vision-pro-mixed-reality-headset,1863,1688465348.0
Apple AirPods and two counterfeits scrutinized with X-ray vision,,5405,17rcku1,EngineeringPorn,https://v.redd.it/zvk7jzf4nbzb1,197,1699535374.0
Apple Vision Pro Demonstrated Working on SteamVR via ALVR,,320,1akdhky,virtualreality,https://www.uploadvr.com/apple-vision-pro-steamvr-alvr-port-demonstrated/,149,1707236150.0
Key chip suppliers for Apple's Vision Pro:,,529,1cmfpmr,Semiconductors,https://i.redd.it/72sl37a541zc1.png,42,1715098419.0
Apple Vision band is definitely worth it,"Not only does it look super cool, but it‚Äôs super comfortable and makes passing it around for others to try much easier. Also, laying down and using it is significantly more comfortable than the default or upgrades quest bands. I know cheaper upgraded bands exist, but if I had to decide between the 80$ one from quest or spending 20 more for this, I‚Äôd pick this every time. If you don‚Äôt have a 3D printer, there are Etsy sellers making and selling the adapters for like 12$ ",157,1bdvplj,oculus,https://i.redd.it/zqprrx8co4oc1.jpeg,118,1710347197.0
Hey Everyone! This is Brian Tong and I reviewed the Apple Vision Pro - Ask Me Anything!,Thank you so much for the kind words and support in here! You can follow my work at https://youtube.com/briantong OK!Let's talk Apple Vision Pro....annnnnd GO!,511,1ahcm3a,VisionPro,https://www.reddit.com/r/VisionPro/comments/1ahcm3a/hey_everyone_this_is_brian_tong_and_i_reviewed/,416,1706903771.0
"Apple Vision Pro hands-on, redux: Immersive Video, Disney+ app, floating keyboard, and a little screaming",,606,198ae7r,apple,https://www.engadget.com/apple-vision-pro-hands-on-redux-immersive-video-disney-app-floating-keyboard-and-a-little-screaming-180006222.html?guccounter=1,281,1705430678.0
Kuo: Apple Vision Pro to Launch Internationally Before WWDC 2024,,610,19838z9,apple,https://www.macrumors.com/2024/01/16/vision-pro-to-launch-internationally-before-wwdc/,93,1705412803.0
Apple Vision Pro Customer Interest Dying Down at Some Retail Stores,,221,1ca97as,hardware,https://www.macrumors.com/2024/04/22/apple-vision-pro-customer-interest-dying-down/,160,1713788175.0
Apple Vision Pro,"Apple isn't usually the first to bring new technology to the market. They prefer to wait until existing technology has matured a bit before they significantly improve upon it. It seems they've done this again, this time with mixed reality. As with past Apple products, I expect the second or third generation of Apple Vision (Pro) to really take off, for corporate IT support/admin to hate it, and the public to  embrace it. Then other tech companies will try to catch up and it will eventually become standard. So with the introduction of Apple Vision Pro, I think we're witnessing the start of the mixed reality spatial computing era. We indeed live in interesting times. What's your take?",75,1ahie99,singularity,https://www.reddit.com/r/singularity/comments/1ahie99/apple_vision_pro/,89,1706918639.0
A Survey of Popular Apps Currently Compatible With Apple Vision Pro,,415,199xmj7,apple,https://www.macstories.net/news/a-survey-of-popular-apps-currently-compatible-with-apple-vision-pro/,153,1705604115.0
BTD6 Video on Apple Vision Pro,,819,1ai8s97,btd6,https://v.redd.it/vbjuf1ysaggc1,28,1707001216.0
Rowing X Apple Vision Pro,Incredible experience! Rowing while watching content is game changing!,156,1be12ky,VisionPro,https://v.redd.it/x2imqy3up5oc1,83,1710359810.0
Apple Vision Pro will start with over 150 3D movies available on the Apple TV app,,251,19254sl,virtualreality,https://9to5mac.com/2024/01/08/apple-teases-spatial-games-and-over-150-3d-movies-for-vision-pro/,193,1704771855.0
Puts on AAPL until they release Apple Vision,,1990,142vcet,wallstreetbets,https://i.redd.it/sur732hw3h4b1.png,34,1686090356.0
Apple‚Äôs Lead Marketer for New Vision Pro Headset Retires,,1157,1ccan3y,gadgets,https://www.bloomberg.com/news/articles/2024-04-24/apple-s-lead-marketer-for-new-vision-pro-headset-retires,280,1713995243.0
Apple Reportedly Suspends Work on Vision Pro 2,,600,1divwhx,technology,https://www.macrumors.com/2024/06/18/apple-suspends-work-on-vision-pro-2/,269,1718730661.0
Apple Vision Pro clickbaiters are breaking a California vehicle law: No video screens in front of drivers' seats,,1267,1akhp3u,apple,https://www.sfgate.com/tech/article/apple-vision-pro-tesla-cops-18651393.php,148,1707246480.0
Surgeons in Chennai are using Apple Vision Pro headset to perform key-hole surgeries,,536,1cnplut,IndiaTech,https://v.redd.it/uq6rd7qk6czc1,121,1715232415.0
The only reason I would buy the Apple Vision Pro,,1565,1ao9xqr,rickandmorty,https://i.redd.it/aararbu61zhc1.jpeg,26,1707663835.0
The future of Apple Vision Pro,,730,1ait858,funny,https://i.redd.it/58ltip9qslgc1.gif,31,1707067707.0
Walked into an Apple store to exchange my light seal‚Ä¶.. walked out with a brand new Apple Vision Pro,"TL;DR - Wanted to exchange my light seal, they said they could only exchange the whole device, so i got a brand new AVP.

For context, this Apple store is in a relatively wealthy area, also I was 5 days past my 14 day return window. I walked in last Friday to exchange my 25W light seal for a 21W, that was a circus (see my last post). Anyway they were out of stock so they told me to keep checking online over the next few days for their inventory to refresh. I saw today that they were back in stock, so I go in for an exchange. I tell the employee the whole story about how I came in last Friday and how i‚Äôm technically outside of my return window but they said I would be able to exchange my light seal anyway. He hears me out, then he asks for the serial number, clicks around on his device for a bit, then tells me ‚ÄúOkay, hold on for just a sec‚Äù, and goes and talks to a couple other employees. Then he comes back and the conversation went like this:

Apple employee - ‚ÄúAlright so we don‚Äôt actually have a way in our system to *only* exchange your light seal, so we‚Äôre going to have to do a like-for-like exchange of the entire device.‚Äù 

Me - ‚Äú‚Ä¶ what?‚Äù

Them - ‚ÄúYep‚Äù

Me - ‚ÄúSo you‚Äôre gonna take my used device and give me‚Ä¶ a different used one?‚Äù 

Them - ‚ÄúNope, brand new device, with the 21W light seal.‚Äù

Me (kinda chuckling) - ‚Äú‚Ä¶ what?? are you sure?‚Äù

Them - ‚ÄúYep there‚Äôs no other way in our system to exchange the light seal‚Äù

Me - ‚Äú‚Ä¶. *really???* a brand new one?‚Äù

Them - ‚ÄúYes sir, we‚Äôll have you sign out of Find My and reset the device while they get the new one ready to bring out‚Äù

Me (chuckling) - ‚ÄúOkay, sure‚Äù

The funny thing is that I didn‚Äôt have any of the original packaging with me, let alone the accessories. They even gave me a new travel case. I walked out of that store baffled as to what just happened. All I needed was a different light seal but I ended up with a brand new AVP plus a few extra accessories. I don‚Äôt know what‚Äôs up with my local Apple store but it seems they are extremely strict about adhering to their system. Better yet, maybe he was just being a bro ¬Ø\_(„ÉÑ)_/¬Ø 


Posted the receipt for proof (minus the serial numbers + location)",364,1axooi8,VisionPro,https://www.reddit.com/gallery/1axooi8,176,1708653655.0
Cyberpunk 2077 in VR on Apple Vision Pro,"After spending quite a bit of time configuring ALVR and the Luke Ross VR mod, I've managed to get Cyberpunk 2077 running in full VR on the Apple Vision Pro, and omg does it look absolutely stunning ü§Ø. It's a bit rough around the edges and needs further tweaking, but it's quite impressive nonetheless. Seeing the city from this perspective completely changes the experience. Hopefully one day it'll be implemented into the game by the devs or an option in Cyberpunk 2. ",246,1bi9v8c,VisionPro,https://youtu.be/VTrR2RO43ME?si=F8Wn9qmCy1PCxETb,99,1710816454.0
Here's Panoramas in Apple Vision Pro,,259,18iwd6o,apple,https://twitter.com/M1Astra/status/1735432047143928257,97,1702632863.0
Who else is ready for the Apple Vision Pro?,,489,1906qxo,AppleCard,https://i.redd.it/akunfqz47vac1.jpeg,90,1704566426.0
MKBHD: Using Apple Vision Pro: What It‚Äôs Actually Like!,,168,1afjs00,virtualreality,https://youtu.be/dtp6b76pMak?si=GRXunsl5g6DkebSx,210,1706713232.0
"Apple Vision Pro - The future is here, is this going to be the new normal",,800,1aih3au,IndiaTech,https://v.redd.it/snothxsafigc1,171,1707026969.0
Apple Vision Pro vs Quest 3 FOV by UploadVR,https://www.uploadvr.com/apple-vision-pro-review,406,1askjdm,virtualreality,https://i.redd.it/hibu9vzbp0jc1.jpeg,107,1708119865.0
(Bloomberg) Apple Vision Pro deliveries are delayed to March,"""*Apple Inc. began taking preorders for its long-awaited Vision Pro mixed-reality headset on Friday, and early indications suggest that buyers are snapping up initial supplies of the $3,499 device.*   
  
*The product went on sale at 8 a.m. Eastern time on Apple‚Äôs website and mobile app, ahead of its rollout on Feb. 2. Delivery dates for all three models quickly slipped to March 8-15 for online orders, and the device was sold out for in-store pickup on day one at many locations. The delay signals that either demand is strong or supplies are limited ‚Äî or something in between.*

*Apple shares gained as much as 1.8% to $191.95 Friday in New York, erasing most of its 2% decline for January.*   
  
*With the launch, the company disclosed two additional configurations: a version with 512 gigabytes of storage for $3,699, and a top-end model with 1 terabyte of space for $3,899. The base model includes 256 gigabytes of storage. The company also said it would sell a carrying case for $199 and additional batteries for $199, while extra bands will cost $99 a piece.*   
  
*The purchasing process for the Vision Pro is unique. Customers need to use a recent iPhone or iPad to scan their head and, if necessary, provide a vision prescription. Apple typically doesn‚Äôt comment on the sales performance of new products.*  
*Wall Street analysts are predicting a slow start for the device. UBS Group AG analyst David Vogt expects Apple to ship 300,000 to 400,000 units this year, generating as much as $1.4 billion. For a company that had sales of $383 billion last year, that‚Äôs ‚Äúimmaterial.‚Äù*

*Still, the idea is to set the stage for something bigger. Apple is entering its first major new product category since the company began selling smartwatches in 2015, and the Vision Pro may take years to catch on. Apple will continue to refine the headset ‚Äî making it cheaper and more comfortable ‚Äî and find compelling applications for the device.*  
  
*In the longer run, Apple could use a fresh moneymaker. The smartphone market has matured, and it‚Äôs under particular pressure in China. The company‚Äôs revenue has fallen for four straight quarters ‚Äî its longest streak of declines in more than two decades.*

*Initially, the Cupertino, California-based company only plans to sell the Vision Pro in the US, with launches in other markets coming in the months ahead. The company is eyeing the UK, Canada and China as some of the first other countries, Bloomberg News has reported.*  
  
*It‚Äôs a complex product to manufacture, which could limit early supplies. The dual 4K resolution displays in the headset, which melds virtual and augmented reality, have suffered production snags. But the fact that Apple has been ramping up manufacturing for months suggests that it will be able to satisfy initial demand. The company is also offering a 25% discount on the device for employees, signaling that supplies aren‚Äôt too tight.*

*Inside Apple, executives are anticipating a strong opening weekend, with sales tapering off later. At $3,499, the Vision Pro is one of the priciest consumer headsets ever ‚Äî about seven times more expensive than the latest device from VR market leader Meta Platforms Inc.*  
  
*The Vision Pro also will be a hard product to share with family and friends. It requires a precise fitting process to ensure a good experience. The face scan is designed to determine the best light seal and strap size for users. The company has prepared 25 different light seals ‚Äî a cushion that prevents light from seeping into the wearer‚Äôs field of view ‚Äî in addition to two straps. There also are prescription lens inserts, at an additional cost.*   
  
*And the headset may be hard for some people to wear for extended periods. In early testing, some users have found it to be too heavy.*  
  
*Another concern that‚Äôs cropped up in recent days is a lack of support from top streaming apps. Netflix Inc., Spotify Technology SA and Google‚Äôs YouTube are opting not to release software for the device, at least at launch.*  
  
*But Apple has carefully refined its sales pitch for the headset. When consumers try it out at Apple retail stores, they‚Äôll get a 25-minute demo, letting them get comfortable with the 3D experience that the company calls ‚Äúspatial computing.‚Äù*  
  
*To commemorate the launch, Apple executives Mike Rockwell and Alan Dye discussed the device in a Q&A shared with employees this week.*  
  
*A key focus, said Dye, was ensuring that the Vision Pro didn‚Äôt have a closed-in feel ‚Äî a complaint with VR headsets.*  
  
*‚ÄúFrom the onset, we all had concerns about people sitting with their eyes covered and disconnected from the world,‚Äù he said. ‚ÄúIt really became central to how we thought about the core principles of the product.‚Äù*  
  
*That led to the EyeSight system, which can show a wearer‚Äôs eyes through a screen on the front of the Vision Pro. ‚ÄúIt was a huge technical challenge to do this in a way that looks and feels natural,‚Äù Rockwell said.*  
  
*Apple also developed an interface that doesn‚Äôt require handheld accessories. Instead, it tracks eye movement and hand gestures. Users control the device by looking at an on-screen item and pinching their fingers together to select it.*  
  
*One of the biggest selling points may be how easy it makes collaboration, Rockwell said. Users in far-flung locations can feel like they‚Äôre in the same place.*  
  
*‚ÄúIt‚Äôs the closest thing to being there in person that you can possibly have,‚Äù Rockwell said. ‚ÄúIt changes the way you collaborate and is very different from videoconferencing as we know it.‚Äù*

.................................

*https://www.msn.com/en-us/money/other/apple-to-get-first-taste-of-consumer-demand-for-3499-vision-pro/ar-BB1gVwvZ*

&#x200B;",264,19c5iic,stocks,https://www.reddit.com/r/stocks/comments/19c5iic/bloomberg_apple_vision_pro_deliveries_are_delayed/,135,1705850131.0
Apple vision pro Buyers be like,,433,1ahmp2a,macbookpro,https://i.redd.it/pprc99d1kagc1.jpeg,52,1706931608.0
"Apple reportedly ‚Äôaccelerating‚Äô entry-level Vision Pro ‚Äî and it could cost $2,000 less",,2568,1bj0lri,apple,https://www.tomsguide.com/computing/vr-ar/apple-reportedly-accelerating-entry-level-vision-pro-and-it-could-cost-dollar2000-less,529,1710895453.0
[Tim Cook] The era of spatial computing has arrived! Apple Vision Pro is available in the US on February 2.,,929,191mlt9,apple,https://x.com/tim_cook/status/1744362067786682797?s=46,329,1704724571.0
Apple Store App Will Use Face Scan to Determine Apple Vision Pro Size,,395,194h0a0,apple,https://www.macrumors.com/2024/01/11/vision-pro-apple-store-app-face-scan/,85,1705018453.0
Surgeon uses Apple Vision Pro for surgery. How is it helpful in surgery?,,793,1cxy32t,GadgetsIndia,https://www.reddit.com/gallery/1cxy32t,61,1716377838.0
3D Blu-ray to Apple Vision Pro converter,"I wanted to create a simple script to convert high quality 3D source media to a high quality format for viewing on the Apple Vision Pro.  It turned out not so simple to emulate this thread on a Mac in a script [https://forum.doom9.org/showthread.php?t=185278](https://forum.doom9.org/showthread.php?t=185278)

I wound up with the below repo.  I am still testing and bug fixing it, but it seems to work (with an ISO, I don't have a BD player anymore).  Testing is obviously slow since it involves a few steps and BD are 45GB.  I am open to suggestions, help, or any other feedback :)

I know it's not the cleanest code, but it was fun.  I created an installer that installs the deps including home-brew and wine, clones/pulls the source to \~, and gets everything setup.

Here it is:  
[https://github.com/cbusillo/BD\_to\_AVP](https://github.com/cbusillo/BD_to_AVP)",36,1bf0bmv,VisionPro,https://www.reddit.com/r/VisionPro/comments/1bf0bmv/3d_bluray_to_apple_vision_pro_converter/,184,1710461256.0
"Tim Cook: Apple Vision Pro tech is mindblowing, and will be too expensive for many",,590,142mbdk,apple,https://appleinsider.com/articles/23/06/06/tim-cook-apple-vision-pro-tech-is-mindblowing-and-will-be-too-expensive-for-many,420,1686070835.0
Everyone Already Forgot About the Apple Vision Pro,,158,1casr6y,applesucks,https://gizmodo.com/apple-vision-pro-already-forgotten-about-1851426564#replies,99,1713837465.0
